{
  "_id": "uTtH5mXI2i0byiXO",
  "name": "Unarmed",
  "type": "weapon",
  "img": "systems/mgt2e/icons/items/melee-unarmed.svg",
  "effects": [],
  "folder": "bXGbV4AjDY6AJGxk",
  "sort": 200000,
  "flags": {},
  "system": {
    "tl": "0",
    "weight": 0,
    "cost": 0,
    "notes": "",
    "active": false,
    "quantity": 1,
    "status": null,
    "weapon": {
      "scale": "traveller",
      "range": 0,
      "damage": "1D6",
      "magazine": 0,
      "ammo": 0,
      "magazineCost": 0,
      "characteristic": "STR",
      "skill": "melee.unarmed",
      "parryBonus": 0,
      "damageBonus": "",
      "damageType": "standard",
      "attackBonus": 0,
      "traits": "",
      "sfx": ""
    },
    "name": "",
    "description": "<p>Unarmed strike from a human or someone without natural weapons.</p>",
    "augments": [],
    "templates": [
      "base"
    ],
    "item": {
      "tl": 0,
      "weight": 0
    }
  },
  "ownership": {
    "default": 0,
    "QlyRLFLquZkYH4lQ": 3
  },
  "_stats": {
    "systemId": "mgt2e",
    "systemVersion": "0.6.4",
    "coreVersion": "12.329",
    "createdTime": null,
    "modifiedTime": 1720367180670,
    "lastModifiedBy": "Uzw5MJmM0BRE3sSL",
    "compendiumSource": null,
    "duplicateSource": null
  },
  "_key": "!items!uTtH5mXI2i0byiXO"
}
