{
  "folder": "81lpHPvcOeOkc8gf",
  "name": "Characters",
  "_id": "I3AuPYIeiMu19Rli",
  "pages": [
    {
      "sort": 0,
      "name": "Actors",
      "type": "text",
      "_id": "E7N9IuqnifbJcQUp",
      "title": {
        "show": true,
        "level": 1
      },
      "image": {},
      "text": {
        "format": 1,
        "content": "<p>There are multiple types of actors, some of which are designed to be used for characters and creatures within the game world whilst others are meta objects to be used as templates.</p><p><em>Travellers</em>, <em>NPCs</em>, <em>Creatures</em> and <em>Packages</em> are considered to be 'characters'. <em>Spacecraft</em> (and <em>Vehicles</em> and <em>Starports</em> once support is added) are considered a different type of Actor, and how Items are treated when added to them can be different.</p><p></p><h2>Traveller</h2><img style=\"border:none;padding-right:3px\" src=\"systems/mgt2e/icons/actors/traveller-white.svg\" width=\"64\" height=\"64\" /><img style=\"border:none;padding-right:3px\" src=\"systems/mgt2e/icons/actors/traveller-red.svg\" width=\"64\" height=\"64\" /><img style=\"border:none;padding-right:3px\" src=\"systems/mgt2e/icons/actors/traveller-green.svg\" width=\"64\" height=\"64\" /><img style=\"border:none;padding-right:3px\" src=\"systems/mgt2e/icons/actors/traveller-blue.svg\" width=\"64\" height=\"64\" /><img style=\"border:none;padding-right:3px\" src=\"systems/mgt2e/icons/actors/traveller-gold.svg\" width=\"64\" height=\"64\" /><p><em>Travellers</em> represent player characters.</p><ul><li><p>Full list of characteristics</p></li><li><p>Full list of skills</p></li><li><p>Damage is applied to characteristics</p></li><li><p>Equipment can be assigned</p></li><li><p>Has a full career history</p></li></ul><p>A <em>Traveller</em> will be given a random space man icon on creation.</p><p></p><h2>NPC</h2><img style=\"border:none;padding-right:3px\" src=\"systems/mgt2e/icons/actors/traveller-white.svg\" width=\"64\" height=\"64\" /><img style=\"border:none;padding-right:3px\" src=\"systems/mgt2e/icons/actors/traveller-red.svg\" width=\"64\" height=\"64\" /><img style=\"border:none;padding-right:3px\" src=\"systems/mgt2e/icons/actors/traveller-green.svg\" width=\"64\" height=\"64\" /><img style=\"border:none;padding-right:3px\" src=\"systems/mgt2e/icons/actors/traveller-blue.svg\" width=\"64\" height=\"64\" /><img style=\"border:none;padding-right:3px\" src=\"systems/mgt2e/icons/actors/traveller-gold.svg\" width=\"64\" height=\"64\" /><p>NPCs are simplified versions of Travellers, designed to be used for less important characters.</p><ul><li><p>Full list of characteristics</p></li><li><p>Full list of skills</p></li><li><p>Damage is applied to a unified HITS total</p></li></ul><p>An <em>NPC</em> will be given a random space man icon on creation.</p><p></p><h2>Creature</h2><img style=\"border:none;padding-right:3px\" src=\"systems/mgt2e/icons/actors/creature-white.svg\" width=\"64\" height=\"64\" /><img style=\"border:none;padding-right:3px\" src=\"systems/mgt2e/icons/actors/creature-red.svg\" width=\"64\" height=\"64\" /><img style=\"border:none;padding-right:3px\" src=\"systems/mgt2e/icons/actors/creature-green.svg\" width=\"64\" height=\"64\" /><img style=\"border:none;padding-right:3px\" src=\"systems/mgt2e/icons/actors/creature-blue.svg\" width=\"64\" height=\"64\" /><img style=\"border:none;padding-right:3px\" src=\"systems/mgt2e/icons/actors/creature-gold.svg\" width=\"64\" height=\"64\" /><p>Creatures represent animals which lack human intelligence.</p><ul><li><p>Have no characteristics</p></li><li><p>Have a limited set of skills</p></li><li><p>Damage is applied to a unified HITS total</p></li></ul><p>A <em>Creature</em> will be given a random Creature icon on creation.</p><p></p><h2>Package</h2><img style=\"border:none;padding-right:3px\" src=\"systems/mgt2e/icons/actors/traveller-grey.svg\" width=\"64\" height=\"64\" /><p>A package is a template that can be applied to a <em>Traveller</em> or <em>NPC</em>. They can be used to define simplified career packages (such as those found in the Traveller Companion), or used to set up custom packages of skills to quickly build up NPCs. Dragging a Package on top of a Traveller or NPC character sheet will copy skills, items and other attributes onto the destination character.</p><p>A Package is given a grey space man icon on creation.</p><p>It is recommended that a Career Term is given to a package. This will be copied to the destination Traveller or NPC and provide a record of which packages have been used.</p><p>Characteristics are specified as modifiers (-1 / 0 / +2 etc), and will modify the UPP of the destination character.</p><p>If the <em>Racial Package</em> option is ticked, than rather than applying modifiers to existing characteristics, completely new characteristics will be rolled when the package is applied. It defaults to using 2D6, but other values for non-humans can be specified. These support the full range of Foundry dice options, so it is possible to specify 3D6k2 for more 'heroic' characteristics, or 3D6kl2 for lower values.</p><h3>Height and Weight</h3><p>If the package has non-zero height and weight set, then a random height and weight will be automatically set on the target actor modified by physical characteristics. This can be changed afterwards by the player, and should only be used as a very rough suggestion. Mostly it is so that NPCs don't all have the same boring default values.</p><p>Weight is modified upwards by STR and END, downwards by DEX.</p><p>Height is modified upwards by STR.</p><p>If the actor's gender is set to Male, then both are modified upwards. If they are defined as Female, then height and weight are modified downwards. Other values in the gender field have no effect.</p><p></p><h2>Spacecraft</h2><img style=\"border:none;padding-right:3px\" src=\"systems/mgt2e/images/tokens/spacecraft/white/far_trader.webp\" width=\"96\" height=\"96\" /><img style=\"border:none;padding-right:3px\" src=\"systems/mgt2e/images/tokens/spacecraft/white/scout.webp\" width=\"96\" height=\"96\" /><img style=\"border:none;padding-right:3px\" src=\"systems/mgt2e/images/tokens/spacecraft/white/launch.webp\" width=\"96\" height=\"96\" /><img style=\"border:none;padding-right:3px\" src=\"systems/mgt2e/images/tokens/spacecraft/white/subsidised_merchant.webp\" width=\"96\" height=\"96\" /><img style=\"border:none;padding-right:3px\" src=\"systems/mgt2e/images/tokens/spacecraft/red/far_trader.webp\" width=\"96\" height=\"96\" /><div class=\"callout\"><h4>Spacecraft Tokens</h4><p>A number of tokens are available for some of the most common spaceships in Traveller. Each is available in a range of different colours.</p><p>If you want to use them as actual tokens, the size of each token is scaled according to the size of the ship.</p><p>The smallest ship are designed for use as 1x1 tokens, 30t or larger are 2x2, 100t or larger are 3x3 and 300t or larger are 4x4.</p></div><p>Spacecraft represent both smallcraft and starships. Their character sheet is design to represent a space craft, and it has several panels for different types of items:</p><ul><li><p>The <em>Ship's Locker</em> contains typical Traveller equipment, including weapons and armour.</p></li><li><p>The <em>Cargo Hold</em> contains anything which is 'Cargo'.</p></li><li><p><em>Hardware</em> contains actual ship's hardware, such as jump drives, turrets, power plants and the like.</p></li></ul><p>Cargo and Hardware need to be created as standalone items before they can be added to a Spacecraft.</p><h3>Crew Roles</h3><p>Crew, in the form of Travellers and NPCs, can be added to the ship by dragging their actor to it. This will initially be added as Passengers, but can be promoted to crew by clicking the icon on their card.</p><p>Clicking on a crew or passenger's portrait will open their full character sheet. Otherwise you can click the edit button to assign them to roles aboard the ship. Roles have to be first added to the ship, by dragging a '<em>Crew Role</em>' item to it.</p><p>A role can define a number of actions that crew members with that role can perform.</p><p>@UUID[Compendium.mgt2e.traveller-docs.JournalEntry.XqtcLHYC383iXuNo.JournalEntryPage.M6w2juT3bwCbEXdU#creating-a-role]{Creating a Role}</p><h3>Weapons</h3><p>Weapon items which have a scale of 'Starship' are added to a spacecraft as potential weapon systems rather than put in the ship's locker. They can then assigned to weapon mounts which are defined by <em>Starship Hardware</em>.</p><p>@UUID[Compendium.mgt2e.traveller-docs.JournalEntry.XqtcLHYC383iXuNo.JournalEntryPage.qLZ9BdVEeSIbwc57]{Spacecraft Weapons}</p><p><em>Spacecraft are currently partially supported, so not all features are complete.</em></p><p></p><p></p>"
      },
      "video": {
        "controls": true,
        "volume": 0.5
      },
      "src": null,
      "system": {},
      "ownership": {
        "default": -1,
        "Uzw5MJmM0BRE3sSL": 3
      },
      "flags": {
        "core": {
          "sourceId": "JournalEntry.83nkkP7aeGF22kG6.JournalEntryPage.E7N9IuqnifbJcQUp"
        }
      },
      "_stats": {
        "systemId": "mgt2e",
        "systemVersion": "0.10.1",
        "coreVersion": "12.329",
        "createdTime": 1717535877534,
        "modifiedTime": 1725188684826,
        "lastModifiedBy": "mhUjqDVicnwIUaiq",
        "compendiumSource": null,
        "duplicateSource": null
      },
      "_key": "!journal.pages!I3AuPYIeiMu19Rli.E7N9IuqnifbJcQUp"
    },
    {
      "sort": 100000,
      "name": "Skills",
      "type": "text",
      "_id": "OUm7ywmOo99aQK7v",
      "title": {
        "show": true,
        "level": 1
      },
      "image": {},
      "text": {
        "format": 1,
        "content": "<p>A skill can be rolled by clicking the skill on the character sheet.</p><p>This will bring up a dialog that allows you to select which characteristic to use, set a difficulty and add a Dice Modifier.</p><p>By default a target difficulty of 8 is assumed.</p><p>If you roll a parent skill with one or more specialities, the final result for the parent and all the non-zero specialities will be given.</p><h2>Quick Rolls</h2><p>Holding shift when clicking a skill will perform a quick roll, which skips the dialog and assumes defaults on everything.</p><p>The configurable <strong>Default to Quick Rolls</strong> can be used to reverse this behaviour. If selected, clicking a skill with perform a roll with default settings, and holding shift will open the dialog.</p><h2>Experience</h2><p>Holding Ctrl when clicking on a skill will open the experience menu for this skill. This allows you to:</p><ul><li><p>Add experience points to the skill. These will automatically increase the skill when the dialog is closed if the experience is enough.</p></li><li><p>Add a permanent DM bonus to the skill. This is useful for racial bonuses.</p></li></ul><h2>Hot bar</h2><p>Skills can be dragged to the hot bar. Clicking (or shift clicking) on the hot bar icon will roll that skill for the currently selected token.</p>"
      },
      "video": {
        "controls": true,
        "volume": 0.5
      },
      "src": null,
      "system": {},
      "ownership": {
        "default": -1,
        "Uzw5MJmM0BRE3sSL": 3
      },
      "flags": {},
      "_stats": {
        "systemId": "mgt2e",
        "systemVersion": "0.4.9",
        "coreVersion": "12.329",
        "createdTime": 1718229795342,
        "modifiedTime": 1718230082528,
        "lastModifiedBy": "Uzw5MJmM0BRE3sSL",
        "compendiumSource": null,
        "duplicateSource": null
      },
      "_key": "!journal.pages!I3AuPYIeiMu19Rli.OUm7ywmOo99aQK7v"
    }
  ],
  "sort": 200000,
  "ownership": {
    "default": 0,
    "Uzw5MJmM0BRE3sSL": 3
  },
  "flags": {
    "core": {
      "sourceId": "JournalEntry.I3AuPYIeiMu19Rli"
    }
  },
  "_stats": {
    "systemId": "mgt2e",
    "systemVersion": "0.10.1",
    "coreVersion": "12.329",
    "createdTime": 1717857385616,
    "modifiedTime": 1725188684826,
    "lastModifiedBy": "mhUjqDVicnwIUaiq",
    "compendiumSource": "JournalEntry.I3AuPYIeiMu19Rli",
    "duplicateSource": null
  },
  "_key": "!journal!I3AuPYIeiMu19Rli"
}
