{
  "folder": "81lpHPvcOeOkc8gf",
  "name": "Skills",
  "_id": "mqc59sHCYxbI3d4n",
  "pages": [
    {
      "sort": 100000,
      "name": "Rolling Skills",
      "type": "text",
      "_id": "48J7dTTg4FOc15AR",
      "title": {
        "show": true,
        "level": 1
      },
      "image": {},
      "text": {
        "format": 1,
        "content": "<p>A skill can be rolled by clicking the skill on the character sheet.</p><p>This will bring up a dialog that allows you to select which characteristic to use, set a difficulty and add a Dice Modifier.</p><p>By default a target difficulty of 8 is assumed.</p><h2>Quick Rolls</h2><p>Holding shift when clicking a skill will perform a quick roll, which skips the dialog and assumes defaults on everything.</p><p>The configurable <strong>Default to Quick Rolls</strong> can be used to reverse this behaviour. If selected, clicking a skill with perform a roll with default settings, and holding shift will open the dialog.</p><p></p>",
        "markdown": ""
      },
      "video": {
        "controls": true,
        "volume": 0.5
      },
      "src": null,
      "system": {},
      "ownership": {
        "default": -1,
        "Uzw5MJmM0BRE3sSL": 3
      },
      "flags": {},
      "_stats": {
        "systemId": "mgt2e",
        "systemVersion": "0.4.8",
        "coreVersion": "12.329",
        "createdTime": 1717536354073,
        "modifiedTime": 1717537793902,
        "lastModifiedBy": "Uzw5MJmM0BRE3sSL",
        "compendiumSource": null,
        "duplicateSource": null
      },
      "_key": "!journal.pages!mqc59sHCYxbI3d4n.48J7dTTg4FOc15AR"
    },
    {
      "sort": 200000,
      "name": "Experience",
      "type": "text",
      "_id": "n4BlyOqow3tB82No",
      "title": {
        "show": true,
        "level": 1
      },
      "image": {},
      "text": {
        "format": 1,
        "content": "<p>If you Ctrl-click on a skill on a character sheet, then it will open the Experience dialog.</p><p>This allows you to add experience points to a skill when training it up.</p><p>This also allows you to add a custom modifier to the skill. This would normally be used for racial bonuses.</p><p>When you submit the dialog, it will calculate whether you have enough experience to level up, and automatically level up that skill.</p><p>A skill with extra experience on it as a + symbol next to it on the character sheet.</p><p></p>"
      },
      "video": {
        "controls": true,
        "volume": 0.5
      },
      "src": null,
      "system": {},
      "ownership": {
        "default": -1,
        "Uzw5MJmM0BRE3sSL": 3
      },
      "flags": {},
      "_stats": {
        "systemId": "mgt2e",
        "systemVersion": "0.4.8",
        "coreVersion": "12.329",
        "createdTime": 1717536727580,
        "modifiedTime": 1717536890953,
        "lastModifiedBy": "Uzw5MJmM0BRE3sSL",
        "compendiumSource": null,
        "duplicateSource": null
      },
      "_key": "!journal.pages!mqc59sHCYxbI3d4n.n4BlyOqow3tB82No"
    }
  ],
  "sort": 400000,
  "ownership": {
    "default": 0,
    "Uzw5MJmM0BRE3sSL": 3
  },
  "flags": {},
  "_stats": {
    "systemId": "mgt2e",
    "systemVersion": "0.4.8",
    "coreVersion": "12.329",
    "createdTime": 1717536338263,
    "modifiedTime": 1717864110439,
    "lastModifiedBy": "Uzw5MJmM0BRE3sSL",
    "compendiumSource": null,
    "duplicateSource": null
  },
  "_key": "!journal!mqc59sHCYxbI3d4n"
}
